0-0i,-9.95005434136389e-06+3.0866656530999e-08i,0.0239007383679431-7.29231177772841e-05i
0.0065090292363483-7.59183985732655e-07i,-9.01749205675035e-06+3.06557014184852e-08i,0.0222574859436081-7.27251106223809e-05i
0.0113612648463376-1.31398785909053e-06i,-6.67972805291329e-06+3.01214946989568e-08i,0.0180301310226244-7.22209339334792e-05i
0.0139020700480017-1.59006333143215e-06i,-3.86518484120665e-06+2.94657447489438e-08i,0.0126728827696587-7.15933738595066e-05i
0.0143936573064099-1.62795896107672e-06i,-1.283366218975e-06+2.88478411290526e-08i,0.00738668878191637-7.09872233881945e-05i
0.01341625431248-1.50298807108551e-06i,7.73240596941422e-07+2.83398255421832e-08i,0.00279396717710777-7.04711868964732e-05i
0.011491740739954-1.2781546564781e-06i,2.28325279133696e-06+2.79542751405207e-08i,-0.000898166002853236-7.00629918415864e-05i
0.00898854553009232-9.94875349833418e-07i,3.32830558343493e-06+2.76789771508582e-08i,-0.0036794928250715-6.97588048691955e-05i
0.00614498976702125-6.78131648465938e-07i,4.00226628017893e-06+2.74966983359929e-08i,-0.00560460313830717-6.95495236452699e-05i
0.00311398781382369-3.43118627920957e-07i,4.37773048573075e-06+2.73932062831533e-08i,-0.00673261993529427-6.94272232614556e-05i
4.97290254333562e-09-1.87684905149708e-14i,4.49814738931802e-06+2.73596906676525e-08i,-0.00710395033208473-6.93869984653661e-05i
-0.00311397892145473+3.43118581420111e-07i,4.37779946260503e-06+2.73932097617953e-08i,-0.00673262403104542-6.94272233634686e-05i
-0.0061449839301046+6.78131574930126e-07i,4.0024023538825e-06+2.74967052173056e-08i,-0.00560461056057347-6.95495238418934e-05i
-0.00898854442636637+9.94875231140955e-07i,3.32850498170025e-06+2.76789872871145e-08i,-0.00367950206086072-6.97588051444289e-05i
-0.0114917454735259+1.27815447586987e-06i,2.28350983756998e-06+2.79542883203634e-08i,-0.000898174860956035-7.00629921685757e-05i
-0.0134162651148903+1.50298781730329e-06i,7.73547735078532e-07+2.83398415013267e-08i,0.00279396142219906-7.04711872348993e-05i
-0.0143936731843696+1.62795863696415e-06i,-1.28301827082364e-06+2.88478595592545e-08i,0.00738668908616549-7.09872236836421e-05i
-0.0139020884464433+1.59006296728357e-06i,-3.86480662018715e-06+2.94657652951913e-08i,0.0126728917123757-7.15933740503355e-05i
-0.0113612816013456+1.31398752422023e-06i,-6.67933031583182e-06+3.01215169301234e-08i,0.0180301497474351-7.22209339732885e-05i
-0.00650903940870884+7.5918377883959e-07i,-9.01708423995222e-06+3.0655724771719e-08i,0.022257512825578-7.27251105179165e-05i
0-0i,-9.94964357333116e-06+3.08666802840894e-08i,0.0239007684926914-7.29231176116974e-05i
0-0i,-9.95005434136389e-06+3.0866656530999e-08i,0.0239007383679431-7.29231177772841e-05i
0.0061914970929522-7.22326187320896e-07i,0.00200183370453258-2.0394002633863e-07i,0.0222607125473547-7.27262775649865e-05i
0.0108083371997215-1.25063107858059e-06i,0.00350373315495025-3.76072265477986e-07i,0.0180344260729808-7.22227234192474e-05i
0.0132260471191496-1.51377076234703e-06i,0.00429196971690282-4.62217407207112e-07i,0.0126758570609266-7.15951624413042e-05i
0.0136932617286769-1.55010746659081e-06i,0.00444647673441605-4.74660933631693e-07i,0.00738736837326938-7.09886700428182e-05i
0.0127621933519757-1.4313052706049e-06i,0.00414624139043913-4.3659719093615e-07i,0.00279263810144885-7.04722187732518e-05i
0.0109298514134336-1.21739286751791e-06i,0.00355264814515294-3.67508307846672e-07i,-0.000900676490751882-7.00636664005696e-05i
0.00854716054167571-9.47848498537332e-07i,0.00277976698960198-2.80230352976466e-07i,-0.00368230320329368-6.97592119717909e-05i
0.00584110488795536-6.46484306660519e-07i,0.00190143423231826-1.82517248237556e-07i,-0.0056069849506804-6.95497423331435e-05i
0.00295729894297248-3.27779040992891e-07i,0.000965036793890719-7.90884718655041e-08i,-0.00673406146362035-6.94273084787993e-05i
-4.80941207067825e-06-1.41109346572048e-09i,2.93588076086584e-06+2.69012956926051e-08i,-0.00710416933589522-6.93869791690202e-05i
-0.00296626533021348+3.24907333309597e-07i,-0.000959193875150903+1.32942016963108e-07i,-0.00673156880223859-6.94271033206492e-05i
-0.00584816325488229+6.43470544716829e-07i,-0.00189572242655994+2.36531653054367e-07i,-0.00560246157557971-6.95492820256295e-05i
-0.00855121896905433+9.44623387740193e-07i,-0.00277442865050235+3.34540696238838e-07i,-0.00367667508900161-6.97583955767005e-05i
-0.0109301495681275+1.21393887472174e-06i,-0.00354817855866803+4.22294951305876e-07i,-0.000895316544404464-7.0062345776345e-05i
-0.0127585710034199+1.42770499214175e-06i,-0.00414351853386879+4.92107489708862e-07i,0.0027960163648235-7.04702231343983e-05i
-0.0136865412115454+1.54661001722385e-06i,-0.00444686099377535+5.31220747961289e-07i,0.00738707656117964-7.09858860030566e-05i
-0.0132183406575922+1.51083114770394e-06i,-0.00429719754587278+5.20194284791908e-07i,0.0126711236833913-7.15917174754618e-05i
-0.0108026034825707+1.24878354761634e-06i,-0.00351523070008243+4.35715351097468e-07i,0.0180268004742768-7.22192533487722e-05i
-0.00618951294093863+7.21738507646655e-07i,-0.00201922414816349+2.65060636990696e-07i,0.022254634196868-7.27239848735174e-05i
0-0i,-9.94964357333116e-06+3.08666802840894e-08i,0.0239007684926914-7.29231176116974e-05i
0-0i,-9.95005434136389e-06+3.0866656530999e-08i,0.0239007383679431-7.29231177772841e-05i
0.00526766843457229-6.14685185385421e-07i,0.0038164777452027-4.15744563317841e-07i,0.0222639220868054-7.27273657768245e-05i
0.0091969007877357-1.06462774591747e-06i,0.00667254064924172-7.43069420420082e-07i,0.0180391133771451-7.22244314476107e-05i
0.011254895080389-1.2889544080393e-06i,0.00817030965109159-9.06689113339762e-07i,0.0126795769262049-7.15968896838602e-05i
0.0116523570116009-1.32011605854429e-06i,0.00846188907021716-9.29983632187761e-07i,0.00738889825363035-7.0990069029265e-05i
0.0108592602725785-1.21909801285551e-06i,0.0078881661645266-8.57153760696092e-07i,0.00279206231002828-7.04732080942435e-05i
0.00929894153939423-1.03705479363001e-06i,0.0067565347959419-7.25334163170297e-07i,-0.000902643106086253-7.00642992589085e-05i
0.00727037314292186-8.07644638555523e-07i,0.00528422796849418-5.58984695880671e-07i,-0.00368482487793878-6.97595771798334e-05i
0.00496692995485527-5.51169089626248e-07i,0.00361181711828887-3.72871861115479e-07i,-0.00560933398865615-6.95499197914886e-05i
0.00251264719331215-2.79967707163027e-07i,0.00182949418973397-1.75976657124813e-07i,-0.0067356936666961-6.94273554754233e-05i
-7.78671546525903e-06-2.28343614161432e-09i,-1.15776240354967e-06+2.570102850565e-08i,-0.00710474265711361-6.93869286445504e-05i
-0.00252716388440248+2.75320684869972e-07i,-0.0018312829575938+2.27387550003054e-07i,-0.00673094787358584-6.94269651392956e-05i
-0.00497835629219147+5.46292149651446e-07i,-0.00361211221666543+4.24322799441049e-07i,-0.0056007220271968-6.95490440109672e-05i
-0.00727694067620279+8.02425624216328e-07i,-0.00528234205761273+6.1055184072042e-07i,-0.00367410990890634-6.97580239194769e-05i
-0.00929941897328654+1.03146532707436e-06i,-0.00675231599614317+7.77183009052895e-07i,-0.000892439200450021-7.0061786680898e-05i
-0.0108533883300255+1.21327178952384e-06i,-0.007882356435491+9.09601996028582e-07i,0.00279849268716301-7.0469411298534e-05i
-0.011641467755423+1.31445630490032e-06i,-0.00845654939162945+9.83569104351915e-07i,0.00738834057125747-7.09847723805147e-05i
-0.0112424093797642+1.2841975618239e-06i,-0.00816897483662152+9.6216640415515e-07i,0.0126705620965501-7.15903358984449e-05i
-0.00918760994300258+1.06163833579107e-06i,-0.00667915489001139+8.01141848747581e-07i,0.0180245892816667-7.22178303583234e-05i
-0.00526445045057338+6.13734421303802e-07i,-0.00383217633912501+4.76365700712527e-07i,0.0222523355712496-7.27230047866792e-05i
0-0i,-9.94964357333116e-06+3.08666802840894e-08i,0.0239007684926914-7.29231176116974e-05i
0-0i,-9.95005434136389e-06+3.0866656530999e-08i,0.0239007383679431-7.29231177772841e-05i
0.00382771735857017-4.4673606016462e-07i,0.00525705691960055-5.83955668338763e-07i,0.0222666710892538-7.27282533925575e-05i
0.00668372744301212-7.7396774590782e-07i,0.00918893746885081-1.03473156821838e-06i,0.0180433828599932-7.22258504178206e-05i
0.00817993302208864-9.37253128026996e-07i,0.0112507356907621-1.26010416817776e-06i,0.0126832304023249-7.15983375473058e-05i
0.00846885116603779-9.60050822083726e-07i,0.0116512885561609-1.29215043357842e-06i,0.00739073253081378-7.09912429979214e-05i
0.00789204294577271-8.86681182949275e-07i,0.0108600416139483-1.1917509874293e-06i,0.00279202664703097-7.04740328930177e-05i
0.00675741998486073-7.5436657084236e-07i,0.00930056122606193-1.01009963876286e-06i,-0.000904002555150367-7.00648180346396e-05i
0.0052824886161102-5.87608918279351e-07i,0.00727221153357335-7.80923643093518e-07i,-0.00368681724792692-6.97598656752915e-05i
0.00360793092860661-4.01186895051098e-07i,0.00496869455405961-5.24580404231315e-07i,-0.0056113339089789-6.95500472495491e-05i
0.00182397389018941-2.04080177514656e-07i,0.00251427307144582-2.53445753121409e-07i,-0.0067372133248222-6.94273725940621e-05i
-7.78941584362802e-06-2.28374435970319e-09i,-6.22027765328541e-06+2.4217051838819e-08i,-0.00710545145454637-6.93868661796644e-05i
-0.00183849537054312+1.99432503305499e-07i,-0.00252549953607993+3.01836589224668e-07i,-0.00673067844085001-6.9426835286885e-05i
-0.00361936028811304+3.96309199328553e-07i,-0.00497641734845316+5.72861825414358e-07i,-0.00559947556289505-6.95488416884239e-05i
-0.00528905646007823+5.82388987881955e-07i,-0.00727459327314208+8.2909891535452e-07i,-0.00367206362208462-6.97577274602404e-05i
-0.00675789447105573+7.48776005813598e-07i,-0.00929664959882439+1.05831585149795e-06i,-0.000889953574459589-7.00613591230169e-05i
-0.00788616493204139+8.80853735073128e-07i,-0.0108504106430845+1.24041283050123e-06i,0.00280087835491166-7.04688059719841e-05i
-0.00845795389061229+9.54389905677602e-07i,-0.0116388664486493+1.34205800607399e-06i,0.00738996083353968-7.09839512728058e-05i
-0.00816743959442756+9.32495477515557e-07i,-0.0112412824387849+1.31249080513895e-06i,0.0126708134958887-7.1589315433931e-05i
-0.00667443132422082+7.70978055482859e-07i,-0.00918951170697262+1.09086218236334e-06i,0.0180233809343651-7.22167637838038e-05i
-0.00382449695771396+4.45785305524754e-07i,-0.00527066282284116+6.43959405669915e-07i,0.0222507125556138-7.27222508294077e-05i
0-0i,-9.94964357333116e-06+3.08666802840894e-08i,0.0239007684926914-7.29231176116974e-05i
0-0i,-9.95005434136389e-06+3.0866656530999e-08i,0.0239007383679431-7.29231177772841e-05i
0.0020125377619026-2.34911666162957e-07i,0.00618220134169297-6.92012831064035e-07i,0.0222685303158109-7.2728834491333e-05i
0.00351449239146011-4.07063158945769e-07i,0.0108054123822811-1.22219350944126e-06i,0.0180463808334299-7.22267911440952e-05i
0.00430147514894908-4.93014876522794e-07i,0.0132298792691405-1.48735051994594e-06i,0.0126859039067502-7.1599303240525e-05i
0.00445344947659198-5.05056492462655e-07i,0.0137005537493931-1.52508751288459e-06i,0.00739220005881984-7.09920265854922e-05i
0.0041500128577366-4.66492118224409e-07i,0.0127694400099058-1.40699738530505e-06i,0.00279220056581276-7.04745810367258e-05i
0.00355316340428132-3.96910717862016e-07i,0.0109348410888524-1.19332581271014e-06i,-0.000904781444546499-7.00651588682232e-05i
0.002777355371985-3.09210826003546e-07i,0.00854898751169897-9.23772040932476e-07i,-0.00368809241706925-6.97600502952558e-05i
0.00189661763452197-2.11172334522199e-07i,0.00583978218067733-6.22296256019682e-07i,-0.00561268141800431-6.95501228461482e-05i
0.000958425722779486-1.07521287156262e-07i,0.00295341636979898-3.03460466741269e-07i,-0.00673829380668486-6.94273741675805e-05i
-4.81519399525331e-06-1.41158684054658e-09i,-1.03176446955724e-05+2.30161930560887e-08i,-0.00710602500577576-6.93868156337389e-05i
-0.000967402385222538+1.04648537861863e-07i,-0.00297228110480293+3.49407397394819e-07i,-0.00673060961615538-6.94267424908587e-05i
-0.00190368254952443+2.0815737064352e-07i,-0.00585351596946135+6.68012752285516e-07i,-0.00559873769557638-6.95487055147313e-05i
-0.00278141461567867+3.05984266710656e-07i,-0.00855482195647168+9.69202338571994e-07i,-0.00367074471801137-6.97575364037032e-05i
-0.00355345544497359+3.93454999004061e-07i,-0.0109311759856235+1.23860208711613e-06i,-0.000888263204079016-7.00610921200834e-05i
-0.00414637761733346+4.62889930496975e-07i,-0.012756713687204+1.4525947636826e-06i,0.0028026063230374-7.04684354566695e-05i
-0.00444671147373363+5.01557253775678e-07i,-0.0136823969623556+1.57201843970759e-06i,0.00739128901484155-7.09834532623526e-05i
-0.00429375095839797+4.90074063943615e-07i,-0.0132138539056246+1.53723593730843e-06i,0.012671299971028-7.15886956211488e-05i
-0.00350874538106922+4.05215269576186e-07i,-0.010801098046775+1.27675283836354e-06i,0.018022859899283-7.22161082077376e-05i
-0.00201054680959722+2.34324060539218e-07i,-0.00619411368888497+7.5151705436602e-07i,0.0222497643154978-7.27217778694879e-05i
0-0i,-9.94964357333116e-06+3.08666802840894e-08i,0.0239007684926914-7.29231176116974e-05i
0-0i,-9.95005434136389e-06+3.0866656530999e-08i,0.0239007383679431-7.29231177772841e-05i
-3.98801512670585e-19+4.65515749313927e-23i,0.00650102901271511-7.29257715173771e-07i,0.0222691880466969-7.27290367578343e-05i
-6.96449688625675e-19+8.06717948132417e-23i,0.0113625764318377-1.28682664665901e-06i,0.0180474604374057-7.22271206853069e-05i
-8.52419657407777e-19+9.77108359959636e-23i,0.0139121199210535-1.56571849156297e-06i,0.0126868846064658-7.15996425536018e-05i
-8.82540365558512e-19+1.00100849746212e-22i,0.0144069927726242-1.60543011215628e-06i,0.00739275831702973-7.09923020152138e-05i
-8.22401078397286e-19+9.24598148709555e-23i,0.0134276486232636-1.48124605052915e-06i,0.00279229618975793-7.04747732925774e-05i
-7.04110372664595e-19+7.86707252008605e-23i,0.0114981712362155-1.25653586861409e-06i,-0.000905032806402948-7.00652777226598e-05i
-5.50354951102231e-19+6.12906545185133e-23i,0.00898903367155659-9.73060835092857e-07i,-0.00368853109589473-6.9760113803346e-05i
-3.75808594569012e-19+4.18619274646431e-23i,0.00613994093583791-6.56025104960416e-07i,-0.00561315725913331-6.95501477653077e-05i
-1.89881550738281e-19+2.1321380292629e-23i,0.00310465085591681-3.20745246315244e-07i,-0.00673868512086311-6.94273730030378e-05i
1.0033219653142e-21+2.94115587179417e-25i,-1.18830856278221e-05+2.25574357530402e-08i,-0.00710624411243713-6.93867963243655e-05i
1.91751972978642e-19-2.07228186073223e-23i,-0.00312643383189399+3.6575853965237e-07i,-0.00673060477002328-6.94267088070159e-05i
3.77280652371325e-19-4.12337311735921e-23i,-0.00615597113997633+7.00761714046991e-07i,-0.00559849473720148-6.95486574547055e-05i
5.51200698012847e-19-6.06183658177819e-23i,-0.00899618695290575+1.01744243464359e-06i,-0.00367028930664131-6.97574704385344e-05i
7.04171128509756e-19-7.79506836346027e-23i,-0.0114945998441833+1.30068893166306e-06i,-0.000887663595695491-7.00610014744393e-05i
8.21643497693254e-19-9.17092511721324e-23i,-0.0134137390963054+1.52567262112076e-06i,0.00280323732056511-7.04683110657429e-05i
8.81136277439213e-19-9.9371737475325e-23i,-0.0143866444356423+1.65122378585466e-06i,0.00739179884377599-7.09832869385606e-05i
8.50810123649535e-19-9.70980854974589e-23i,-0.0138935833150071+1.61464833122362e-06i,0.0126715264832856-7.15884884480115e-05i
6.95252187497164e-19-8.02867751972663e-23i,-0.0113563943864825+1.34078572024945e-06i,0.0180227265040978-7.22158875974564e-05i
3.98386660357409e-19-4.64291468831368e-23i,-0.00651229438772169+7.88571134041746e-07i,0.0222494545616829-7.27216169099759e-05i
0-0i,-9.94964357333116e-06+3.08666802840894e-08i,0.0239007684926914-7.29231176116974e-05i
0-0i,-9.95005434136389e-06+3.0866656530999e-08i,0.0239007383679431-7.29231177772841e-05i
-0.0020125377619026+2.34911666162957e-07i,0.00618220134169297-6.92012831064032e-07i,0.0222685303158109-7.2728834491333e-05i
-0.00351449239146012+4.07063158945772e-07i,0.0108054123822811-1.22219350944129e-06i,0.0180463808334299-7.22267911440953e-05i
-0.00430147514894908+4.93014876522787e-07i,0.0132298792691405-1.48735051994591e-06i,0.0126859039067502-7.1599303240525e-05i
-0.00445344947659199+5.05056492462676e-07i,0.0137005537493931-1.52508751288466e-06i,0.00739220005881985-7.09920265854923e-05i
-0.00415001285773659+4.66492118224423e-07i,0.0127694400099058-1.40699738530511e-06i,0.00279220056581276-7.04745810367259e-05i
-0.00355316340428132+3.96910717862054e-07i,0.0109348410888524-1.19332581271027e-06i,-0.000904781444546494-7.00651588682232e-05i
-0.002777355371985+3.09210826003539e-07i,0.00854898751169898-9.23772040932441e-07i,-0.00368809241706925-6.97600502952558e-05i
-0.00189661763452197+2.11172334522172e-07i,0.00583978218067735-6.22296256019586e-07i,-0.00561268141800431-6.95501228461483e-05i
-0.000958425722779483+1.07521287156248e-07i,0.00295341636979898-3.03460466741324e-07i,-0.00673829380668486-6.94273741675805e-05i
4.8151939952542e-06+1.41158684055003e-09i,-1.03176446955724e-05+2.30161930560611e-08i,-0.00710602500577577-6.93868156337389e-05i
0.00096740238522254-1.04648537861866e-07i,-0.00297228110480293+3.4940739739486e-07i,-0.00673060961615539-6.94267424908587e-05i
0.00190368254952443-2.08157370643568e-07i,-0.00585351596946134+6.68012752285627e-07i,-0.00559873769557639-6.95487055147313e-05i
0.00278141461567867-3.0598426671067e-07i,-0.00855482195647169+9.69202338572035e-07i,-0.00367074471801137-6.97575364037033e-05i
0.00355345544497359-3.93454999004057e-07i,-0.0109311759856235+1.2386020871161e-06i,-0.000888263204079017-7.00610921200834e-05i
0.00414637761733346-4.62889930496984e-07i,-0.012756713687204+1.45259476368261e-06i,0.00280260632303739-7.04684354566695e-05i
0.00444671147373363-5.0155725377568e-07i,-0.0136823969623556+1.57201843970759e-06i,0.00739128901484155-7.09834532623526e-05i
0.00429375095839797-4.90074063943615e-07i,-0.0132138539056246+1.53723593730841e-06i,0.012671299971028-7.15886956211488e-05i
0.00350874538106922-4.05215269576182e-07i,-0.010801098046775+1.27675283836353e-06i,0.018022859899283-7.22161082077375e-05i
0.00201054680959722-2.34324060539223e-07i,-0.00619411368888497+7.51517054366033e-07i,0.0222497643154978-7.27217778694879e-05i
0-0i,-9.94964357333116e-06+3.08666802840894e-08i,0.0239007684926914-7.29231176116974e-05i
0-0i,-9.95005434136389e-06+3.0866656530999e-08i,0.0239007383679431-7.29231177772841e-05i
-0.00382771735857017+4.46736060164621e-07i,0.00525705691960055-5.83955668338763e-07i,0.0222666710892538-7.27282533925575e-05i
-0.00668372744301211+7.73967745907812e-07i,0.00918893746885081-1.03473156821837e-06i,0.0180433828599932-7.22258504178206e-05i
-0.00817993302208864+9.37253128026958e-07i,0.0112507356907621-1.26010416817775e-06i,0.0126832304023249-7.15983375473058e-05i
-0.0084688511660378+9.60050822083696e-07i,0.0116512885561609-1.29215043357837e-06i,0.00739073253081378-7.09912429979213e-05i
-0.00789204294577272+8.86681182949313e-07i,0.0108600416139483-1.19175098742933e-06i,0.00279202664703097-7.04740328930177e-05i
-0.00675741998486072+7.54366570842333e-07i,0.00930056122606192-1.01009963876286e-06i,-0.000904002555150367-7.00648180346396e-05i
-0.0052824886161102+5.87608918279268e-07i,0.00727221153357335-7.80923643093394e-07i,-0.00368681724792693-6.97598656752915e-05i
-0.00360793092860661+4.01186895051098e-07i,0.00496869455405961-5.24580404231322e-07i,-0.0056113339089789-6.95500472495491e-05i
-0.00182397389018941+2.04080177514649e-07i,0.00251427307144581-2.53445753121368e-07i,-0.0067372133248222-6.94273725940621e-05i
7.78941584362625e-06+2.28374435971009e-09i,-6.22027765328894e-06+2.42170518389155e-08i,-0.00710545145454637-6.93868661796643e-05i
0.00183849537054312-1.99432503305464e-07i,-0.00252549953607993+3.01836589224613e-07i,-0.00673067844085001-6.9426835286885e-05i
0.00361936028811304-3.96309199328505e-07i,-0.00497641734845315+5.72861825414351e-07i,-0.00559947556289505-6.95488416884239e-05i
0.00528905646007823-5.82388987881962e-07i,-0.00727459327314208+8.29098915354548e-07i,-0.00367206362208462-6.97577274602404e-05i
0.00675789447105573-7.48776005813564e-07i,-0.00929664959882438+1.05831585149794e-06i,-0.000889953574459586-7.00613591230169e-05i
0.00788616493204139-8.80853735073114e-07i,-0.0108504106430845+1.24041283050119e-06i,0.00280087835491166-7.0468805971984e-05i
0.00845795389061229-9.54389905677612e-07i,-0.0116388664486493+1.34205800607399e-06i,0.00738996083353967-7.09839512728058e-05i
0.00816743959442756-9.32495477515553e-07i,-0.0112412824387849+1.31249080513894e-06i,0.0126708134958887-7.1589315433931e-05i
0.00667443132422082-7.70978055482871e-07i,-0.00918951170697262+1.09086218236336e-06i,0.0180233809343651-7.22167637838039e-05i
0.00382449695771396-4.45785305524753e-07i,-0.00527066282284116+6.43959405669915e-07i,0.0222507125556138-7.27222508294077e-05i
0-0i,-9.94964357333116e-06+3.08666802840894e-08i,0.0239007684926914-7.29231176116974e-05i
0-0i,-9.95005434136389e-06+3.0866656530999e-08i,0.0239007383679431-7.29231177772841e-05i
-0.00526766843457229+6.14685185385424e-07i,0.0038164777452027-4.15744563317838e-07i,0.0222639220868054-7.27273657768245e-05i
-0.00919690078773571+1.06462774591746e-06i,0.00667254064924171-7.43069420420082e-07i,0.0180391133771451-7.22244314476107e-05i
-0.011254895080389+1.2889544080393e-06i,0.0081703096510916-9.06689113339786e-07i,0.0126795769262049-7.15968896838602e-05i
-0.0116523570116009+1.32011605854428e-06i,0.00846188907021716-9.29983632187757e-07i,0.00738889825363035-7.0990069029265e-05i
-0.0108592602725785+1.2190980128556e-06i,0.0078881661645266-8.57153760696144e-07i,0.00279206231002828-7.04732080942435e-05i
-0.00929894153939422+1.03705479362994e-06i,0.0067565347959419-7.25334163170255e-07i,-0.000902643106086251-7.00642992589085e-05i
-0.00727037314292186+8.07644638555489e-07i,0.00528422796849418-5.58984695880678e-07i,-0.00368482487793878-6.97595771798334e-05i
-0.00496692995485527+5.51169089626242e-07i,0.00361181711828887-3.72871861115513e-07i,-0.00560933398865615-6.95499197914885e-05i
-0.00251264719331215+2.79967707163041e-07i,0.00182949418973397-1.75976657124799e-07i,-0.0067356936666961-6.94273554754233e-05i
7.78671546525903e-06+2.28343614161432e-09i,-1.15776240354437e-06+2.57010285056845e-08i,-0.00710474265711361-6.93869286445504e-05i
0.00252716388440248-2.7532068487e-07i,-0.0018312829575938+2.27387550003068e-07i,-0.00673094787358584-6.94269651392956e-05i
0.00497835629219148-5.46292149651494e-07i,-0.00361211221666543+4.2432279944109e-07i,-0.0056007220271968-6.95490440109672e-05i
0.00727694067620279-8.0242562421637e-07i,-0.00528234205761273+6.10551840720462e-07i,-0.00367410990890634-6.97580239194769e-05i
0.00929941897328654-1.03146532707439e-06i,-0.00675231599614317+7.77183009052936e-07i,-0.000892439200450017-7.0061786680898e-05i
0.0108533883300255-1.21327178952379e-06i,-0.007882356435491+9.09601996028534e-07i,0.00279849268716301-7.0469411298534e-05i
0.011641467755423-1.31445630490028e-06i,-0.00845654939162946+9.83569104351891e-07i,0.00738834057125747-7.09847723805146e-05i
0.0112424093797642-1.2841975618239e-06i,-0.00816897483662151+9.6216640415514e-07i,0.0126705620965501-7.15903358984449e-05i
0.00918760994300258-1.06163833579106e-06i,-0.00667915489001139+8.01141848747584e-07i,0.0180245892816667-7.22178303583234e-05i
0.00526445045057338-6.13734421303802e-07i,-0.00383217633912501+4.76365700712525e-07i,0.0222523355712496-7.27230047866792e-05i
0-0i,-9.94964357333116e-06+3.08666802840894e-08i,0.0239007684926914-7.29231176116974e-05i
0-0i,-9.95005434136389e-06+3.0866656530999e-08i,0.0239007383679431-7.29231177772841e-05i
-0.0061914970929522+7.22326187320894e-07i,0.00200183370453258-2.03940026338632e-07i,0.0222607125473547-7.27262775649866e-05i
-0.0108083371997215+1.25063107858059e-06i,0.00350373315495025-3.76072265477988e-07i,0.0180344260729808-7.22227234192474e-05i
-0.0132260471191496+1.51377076234705e-06i,0.00429196971690282-4.62217407207127e-07i,0.0126758570609266-7.15951624413042e-05i
-0.0136932617286769+1.55010746659082e-06i,0.00444647673441604-4.74660933631696e-07i,0.00738736837326938-7.09886700428182e-05i
-0.0127621933519757+1.43130527060491e-06i,0.00414624139043912-4.3659719093615e-07i,0.00279263810144885-7.04722187732518e-05i
-0.0109298514134336+1.2173928675179e-06i,0.00355264814515294-3.67508307846659e-07i,-0.00090067649075188-7.00636664005696e-05i
-0.00854716054167571+9.47848498537325e-07i,0.00277976698960197-2.80230352976476e-07i,-0.00368230320329368-6.97592119717909e-05i
-0.00584110488795536+6.46484306660437e-07i,0.00190143423231826-1.82517248237542e-07i,-0.0056069849506804-6.95497423331435e-05i
-0.0029572989429725+3.27779040992891e-07i,0.000965036793890718-7.90884718655075e-08i,-0.00673406146362035-6.94273084787993e-05i
4.80941207067825e-06+1.41109346566531e-09i,2.9358807608632e-06+2.69012956926292e-08i,-0.00710416933589522-6.93869791690202e-05i
0.00296626533021349-3.24907333309611e-07i,-0.000959193875150904+1.32942016963115e-07i,-0.00673156880223859-6.94271033206492e-05i
0.00584816325488229-6.43470544716843e-07i,-0.00189572242655994+2.3653165305437e-07i,-0.00560246157557971-6.95492820256295e-05i
0.00855121896905434-9.44623387740159e-07i,-0.00277442865050235+3.34540696238821e-07i,-0.00367667508900161-6.97583955767005e-05i
0.0109301495681275-1.21393887472174e-06i,-0.00354817855866803+4.22294951305879e-07i,-0.000895316544404461-7.0062345776345e-05i
0.0127585710034199-1.42770499214175e-06i,-0.00414351853386878+4.92107489708867e-07i,0.00279601636482351-7.04702231343983e-05i
0.0136865412115454-1.54661001722386e-06i,-0.00444686099377535+5.31220747961301e-07i,0.00738707656117965-7.09858860030566e-05i
0.0132183406575922-1.51083114770397e-06i,-0.00429719754587278+5.20194284791916e-07i,0.0126711236833913-7.15917174754618e-05i
0.0108026034825707-1.24878354761634e-06i,-0.00351523070008243+4.35715351097464e-07i,0.0180268004742768-7.22192533487722e-05i
0.00618951294093863-7.21738507646655e-07i,-0.00201922414816349+2.65060636990693e-07i,0.022254634196868-7.27239848735174e-05i
0-0i,-9.94964357333116e-06+3.08666802840894e-08i,0.0239007684926914-7.29231176116974e-05i
0-0i,-9.95005434136389e-06+3.0866656530999e-08i,0.0239007383679431-7.29231177772841e-05i
-0.0065090292363483+7.59183985732655e-07i,-9.01749205675035e-06+3.06557014184852e-08i,0.0222574859436081-7.27251106223809e-05i
-0.0113612648463376+1.31398785909053e-06i,-6.67972805291329e-06+3.01214946989568e-08i,0.0180301310226244-7.22209339334792e-05i
-0.0139020700480017+1.59006333143215e-06i,-3.86518484120665e-06+2.94657447489438e-08i,0.0126728827696587-7.15933738595066e-05i
-0.0143936573064099+1.62795896107672e-06i,-1.283366218975e-06+2.88478411290526e-08i,0.00738668878191637-7.09872233881945e-05i
-0.01341625431248+1.50298807108551e-06i,7.73240596941422e-07+2.83398255421832e-08i,0.00279396717710777-7.04711868964732e-05i
-0.011491740739954+1.2781546564781e-06i,2.28325279133696e-06+2.79542751405207e-08i,-0.000898166002853236-7.00629918415864e-05i
-0.00898854553009232+9.94875349833418e-07i,3.32830558343493e-06+2.76789771508582e-08i,-0.0036794928250715-6.97588048691955e-05i
-0.00614498976702125+6.78131648465938e-07i,4.00226628017893e-06+2.74966983359929e-08i,-0.00560460313830717-6.95495236452699e-05i
-0.00311398781382369+3.43118627920957e-07i,4.37773048573075e-06+2.73932062831533e-08i,-0.00673261993529427-6.94272232614556e-05i
-4.97290254333562e-09+1.87684905149708e-14i,4.49814738931802e-06+2.73596906676525e-08i,-0.00710395033208473-6.93869984653661e-05i
0.00311397892145473-3.43118581420111e-07i,4.37779946260503e-06+2.73932097617953e-08i,-0.00673262403104542-6.94272233634686e-05i
0.0061449839301046-6.78131574930126e-07i,4.0024023538825e-06+2.74967052173056e-08i,-0.00560461056057347-6.95495238418934e-05i
0.00898854442636637-9.94875231140955e-07i,3.32850498170025e-06+2.76789872871145e-08i,-0.00367950206086072-6.97588051444289e-05i
0.0114917454735259-1.27815447586987e-06i,2.28350983756998e-06+2.79542883203634e-08i,-0.000898174860956035-7.00629921685757e-05i
0.0134162651148903-1.50298781730329e-06i,7.73547735078532e-07+2.83398415013267e-08i,0.00279396142219906-7.04711872348993e-05i
0.0143936731843696-1.62795863696415e-06i,-1.28301827082364e-06+2.88478595592545e-08i,0.00738668908616549-7.09872236836421e-05i
0.0139020884464433-1.59006296728357e-06i,-3.86480662018715e-06+2.94657652951913e-08i,0.0126728917123757-7.15933740503355e-05i
0.0113612816013456-1.31398752422023e-06i,-6.67933031583182e-06+3.01215169301234e-08i,0.0180301497474351-7.22209339732885e-05i
0.00650903940870884-7.5918377883959e-07i,-9.01708423995222e-06+3.0655724771719e-08i,0.022257512825578-7.27251105179165e-05i
0-0i,-9.94964357333116e-06+3.08666802840894e-08i,0.0239007684926914-7.29231176116974e-05i
0-0i,-9.95005434136389e-06+3.0866656530999e-08i,0.0239007383679431-7.29231177772841e-05i
-0.00618950325314748+7.21738704526047e-07i,-0.0020192214100027+2.65060677569817e-07i,0.0222546072391316-7.27239849783777e-05i
-0.0108025874949693+1.24878386639596e-06i,-0.00351522590591521+4.35715432389223e-07i,0.0180267816087482-7.22192533094706e-05i
-0.0132183230478301+1.51083149436122e-06i,-0.00429719220521797+5.201943768306e-07i,0.0126711145605723-7.15917172850073e-05i
-0.0136865259344269+1.54661032564994e-06i,-0.00444685638027561+5.31220829708237e-07i,0.00738707607416107-7.0985885707829e-05i
-0.0127585605018198+1.4277052334515e-06i,-0.00414351543047351+4.92107552134731e-07i,0.00279602197233784-7.04702227961576e-05i
-0.0109301448152437+1.21393904625247e-06i,-0.00354817727227896+4.22294993850819e-07i,-0.000895307769099274-7.00623454496383e-05i
-0.00855121978226711+9.44623500301584e-07i,-0.0027744291143215+3.34540722675696e-07i,-0.00367666585793137-6.97583953019226e-05i
-0.00584816862244017+6.43470614360021e-07i,-0.00189572430633123+2.36531668806681e-07i,-0.00560245408483836-6.95492818296422e-05i
-0.00296627368737674+3.24907377358705e-07i,-0.00095919665887931+1.32942027805048e-07i,-0.00673156458645615-6.94271032194051e-05i
-4.81887185033932e-06-1.41105777416451e-09i,2.93280786609162e-06+2.69013072985543e-08i,-0.00710416919752737-6.93869791698394e-05i
0.00295729038461758-3.27778996606702e-07i,0.000965034082766299-7.90884539567836e-08i,-0.00673406543993407-6.94273085815871e-05i
0.00584109915260169-6.46484236437621e-07i,0.00190143250522932-1.82517218534328e-07i,-0.00560699230541113-6.95497425304133e-05i
0.00854715925614188-9.47848385328089e-07i,0.00277976677116301-2.80230306056639e-07i,-0.00368231244465609-6.97592122474912e-05i
0.0109298556661283-1.21739269549134e-06i,0.00355264978316595-3.67508238780977e-07i,-0.000900685431929593-7.00636667278488e-05i
0.0127622034003874-1.43130502915524e-06i,0.00414624496090803-4.36597096546509e-07i,0.00279263219983091-7.04722191118592e-05i
0.0136932766560359-1.55010715846998e-06i,0.00444648193020359-4.74660815123409e-07i,0.00738736849647162-7.09886703384626e-05i
0.0132260645075251-1.51377041630732e-06i,0.00429197574208767-4.62217274276403e-07i,0.0126758658258582-7.15951626324672e-05i
0.0108083530831408-1.25063076037369e-06i,0.00350373871074942-3.76072139909807e-07i,0.0180344446590127-7.22227234595242e-05i
0.00619150675433632-7.22325990661425e-07i,0.00200183724974862-2.03939939124423e-07i,0.0222607393542875-7.27262774609015e-05i
0-0i,-9.94964357333116e-06+3.08666802840894e-08i,0.0239007684926914-7.29231176116974e-05i
0-0i,-9.95005434136389e-06+3.0866656530999e-08i,0.0239007383679431-7.29231177772841e-05i
-0.00526444219929594+6.13734588869229e-07i,-0.00383217075541872+4.76365799031053e-07i,0.0222523085445371-7.27230048919109e-05i
-0.00918759630193554+1.06163860720936e-06i,-0.00667914538223329+8.01142023608829e-07i,0.0180245702875265-7.22178303195148e-05i
-0.0112423943125812+1.28419785699567e-06i,-0.00816896427339536+9.62166597966848e-07i,0.0126705528092545-7.15903357083634e-05i
-0.0116414546225867+1.31445656743431e-06i,-0.00845654020258869+9.83569276594167e-07i,0.00738833991784868-7.09847720855056e-05i
-0.0108533792200005+1.21327199478157e-06i,-0.00788235012697563+9.09602129157419e-07i,0.0027984981610789-7.04694109604648e-05i
-0.0092994147362659+1.03146547281918e-06i,-0.00675231317651491+7.77183101745886e-07i,-0.000892430499640433-7.006178635444e-05i
-0.00727694118592209+8.02425719722899e-07i,-0.00528234262775224+6.10551899973226e-07i,-0.00367410068138242-6.97580236451001e-05i
-0.00497836071740833+5.46292208662585e-07i,-0.00361211556725755+4.24322835443775e-07i,-0.00560071447387284-6.9549043815545e-05i
-0.00252717091756238+2.75320722194853e-07i,-0.00183128813523186+2.27387573658029e-07i,-0.00673094354898488-6.94269650387404e-05i
-7.79476412062376e-06-2.28340579940616e-09i,-1.16360862145973e-06+2.57010505678734e-08i,-0.00710474239388628-6.93869286461087e-05i
0.00251263983453904-2.79967669292703e-07i,0.00182948891355513-1.75976626116338e-07i,-0.00673569753574645-6.9427355578915e-05i
0.00496692493439972-5.51169029676983e-07i,0.00361181360751924-3.7287181066884e-07i,-0.00560934128326441-6.95499199893501e-05i
0.00727037186882206-8.07644542000486e-07i,0.00528422724197746-5.58984615593833e-07i,-0.0036848341250842-6.97595774559647e-05i
0.00929894496696342-1.03705464708288e-06i,0.00675653754175267-7.2533404353477e-07i,-0.000902652122485344-7.00642995864553e-05i
0.0108592686492436-1.21909780737151e-06i,0.00788817255467182-8.57153595484504e-07i,0.00279205627660648-7.04732084330102e-05i
0.0116523695784728-1.32011579650454e-06i,0.00846189854408478-9.2998342344375e-07i,0.00738889821495342-7.09900693250668e-05i
0.0112549097893493-1.28895411386708e-06i,0.00817032071057121-9.06688879161097e-07i,0.0126795855327257-7.15968898752896e-05i
0.00919691426023154-1.06462747542602e-06i,0.00667255083005102-7.43069201769236e-07i,0.0180391318396428-7.22244314882749e-05i
0.00526767664312233-6.14685018175848e-07i,0.00381648411350586-4.15744418551123e-07i,0.022263948826672-7.27273656730672e-05i
0-0i,-9.94964357333116e-06+3.08666802840894e-08i,0.0239007684926914-7.29231176116974e-05i
0-0i,-9.95005434136389e-06+3.0866656530999e-08i,0.0239007383679431-7.29231177772841e-05i
-0.00382449095677223+4.45785427321714e-07i,-0.00527065497572552+6.43959549857126e-07i,0.0222506854737386-7.27222509349439e-05i
-0.00667442138925454+7.70978252832089e-07i,-0.00918949843770571+1.09086243161601e-06i,0.0180233618370288-7.22167637454097e-05i
-0.00816742859626859+9.32495692152498e-07i,-0.0112412676869329+1.31249107988153e-06i,0.0126708040766996-7.15893152441694e-05i
-0.00845794426883378+9.54390096535897e-07i,-0.0116388535596875+1.34205825024161e-06i,0.0073899600470413-7.09839509779838e-05i
-0.00788615821028812+8.80853884207697e-07i,-0.0108504017029279+1.2404130197524e-06i,0.00280088372234909-7.04688056340533e-05i
-0.00675789128013401+7.48776111613651e-07i,-0.00929664546633561+1.05831598391603e-06i,-0.000889944932661876-7.0061358796752e-05i
-0.0052890567251404+5.8238905713223e-07i,-0.00727459383797675+8.29099000532485e-07i,-0.00367205439690866-6.97577271861752e-05i
-0.00361936342218941+3.96309242066631e-07i,-0.00497642179743765+5.72861877370747e-07i,-0.00559946795935528-6.95488414934443e-05i
-0.00183850043709183+1.99432530334291e-07i,-0.00252550657689144+3.01836622969411e-07i,-0.0067306740295111-6.94268351868731e-05i
-7.79526504888461e-06-2.28372233166658e-09i,-6.22832636636829e-06+2.42170821816065e-08i,-0.00710545109218368-6.93868661818093e-05i
0.00182396849793071-2.0408014994013e-07i,0.00251426572043321-2.53445711668464e-07i,-0.00673721710905756-6.94273726981157e-05i
0.00360792719912755-4.01186851374569e-07i,0.00496868955798883-5.24580337221106e-07i,-0.0056113411564132-6.95500474478862e-05i
0.00528248758648335-5.87608847980216e-07i,0.00727221031554555-7.80923536199902e-07i,-0.00368682650018555-6.97598659517713e-05i
0.00675742236617218-7.5436646423988e-07i,0.009300564758672-1.01009947888092e-06i,-0.000904011631458007-7.00648183624028e-05i
0.0078920489340601-8.86681033588627e-07i,0.0108600501591755-1.19175076594848e-06i,0.00279202050935059-7.04740332319083e-05i
0.00846886022180089-9.60050631720134e-07i,0.0116513013622076-1.29215015323047e-06i,0.00739073236462577-7.0991243293835e-05i
0.00817994366201029-9.3725291439e-07i,0.0112507507061278-1.26010385371769e-06i,0.0126832388844524-7.15983377389232e-05i
0.00668373720940603-7.73967549485669e-07i,0.00918895130163101-1.03473127577816e-06i,0.018043401225572-7.22258504587692e-05i
0.00382772331678458-4.46735938723526e-07i,0.00525706552355312-5.83955477934411e-07i,0.0222666977763185-7.27282532890506e-05i
0-0i,-9.94964357333116e-06+3.08666802840894e-08i,0.0239007684926914-7.29231176116974e-05i
0-0i,-9.95005434136389e-06+3.0866656530999e-08i,0.0239007383679431-7.29231177772841e-05i
-0.00201054365266029+2.34324124590177e-07i,-0.006194104386123+7.51517228025298e-07i,0.0222497371980086-7.27217779752243e-05i
-0.00350874014969947+4.05215373382454e-07i,-0.0108010823526048+1.27675313544572e-06i,0.0180228407351628-7.22161081696208e-05i
-0.00429374515884101+4.90074176850458e-07i,-0.0132138364435884+1.53723626409647e-06i,0.0126712904665174-7.15886954316037e-05i
-0.00444670638793648+5.01557354159325e-07i,-0.0136823816653+1.57201873011347e-06i,0.00739128814240043-7.0983452967657e-05i
-0.00414637404851174+4.62890008907004e-07i,-0.0127567030158514+1.45259498897908e-06i,0.00280261162188927-7.04684351188291e-05i
-0.00355345372924004+3.9345505459792e-07i,-0.0109311709650351+1.23860224500915e-06i,-0.000888254600128062-7.00610917939405e-05i
-0.00278141471941491+3.05984303071016e-07i,-0.0085548224758898+9.69202440340715e-07i,-0.00367073549413022-6.97575361298349e-05i
-0.0019036841698718+2.08157393065729e-07i,-0.00585352109156765+6.68012814428806e-07i,-0.0055987300595384-6.95487053200332e-05i
-0.000967405034331125+1.04648552040353e-07i,-0.00297228932494756+3.49407437578315e-07i,-0.00673060514894417-6.94267423911942e-05i
-4.81826974900427e-06-1.41157526691859e-09i,-1.03271085085091e-05+2.30162287040026e-08i,-0.0071060245797345-6.93868156362606e-05i
0.000958422872322635-1.07521272640435e-07i,0.0029534076681244-3.03460418562669e-07i,-0.00673829753660417-6.94273742719966e-05i
0.00189661564611349-2.11172311519887e-07i,0.00583977619831295-6.22296178328957e-07i,-0.00561268863540206-6.95501230447933e-05i
0.00277735479562966-3.09210788994892e-07i,0.00854898593697992-9.23771916896611e-07i,-0.00368810167286027-6.97600505719625e-05i
0.00355316461956875-3.96910661772248e-07i,0.0109348450838186-1.19332562693158e-06i,-0.000904790559425974-7.00651591961273e-05i
0.00415001597319846-4.6649203967479e-07i,0.0127694499006836-1.4069971276604e-06i,0.0027921943613441-7.04745813756946e-05i
0.00445345421254684-5.05056392385006e-07i,0.0137005686659755-1.52508718655901e-06i,0.0073921998112043-7.09920268814713e-05i
0.00430148072709595-4.93014764234192e-07i,0.0132298968063863-1.48735015396629e-06i,0.0126859123096261-7.15993034322524e-05i
0.00351449751864584-4.0706305571257e-07i,0.0108054285513616-1.22219316965876e-06i,0.018046399137304-7.22267911852157e-05i
0.00201254089243265-2.34911602331952e-07i,0.00618221137883369-6.9201261137456e-07i,0.0222685569691716-7.27288343879825e-05i
0-0i,-9.94964357333116e-06+3.08666802840894e-08i,0.0239007684926914-7.29231176116974e-05i
0-0i,-9.95005434136389e-06+3.0866656530999e-08i,0.0239007383679431-7.29231177772841e-05i
-3.98386034663057e-19+4.64291595762415e-23i,-0.00651228458293055+7.88571317860591e-07i,0.0222494274318861-7.2721617015782e-05i
-6.95251150324004e-19+8.02867957704335e-23i,-0.0113563778549345+1.34078603382532e-06i,0.0180227073168696-7.22158875594371e-05i
-8.50808973254853e-19+9.70981078747946e-23i,-0.0138935649152671+1.61464867596165e-06i,0.0126715169492587-7.15884882585431e-05i
-8.81135267803148e-19+9.93717573696712e-23i,-0.0143866283028468+1.65122409220493e-06i,0.00739179794163057-7.09832866439098e-05i
-8.21642788126372e-19+9.17092667097142e-23i,-0.013413727820831+1.52567285884065e-06i,0.00280324259574256-7.04683107279336e-05i
-7.04170785921205e-19+7.7950694648754e-23i,-0.0114945945093448+1.30068909832916e-06i,-0.000887655004779262-7.00610011483379e-05i
-5.5120071613354e-19+6.06183730194839e-23i,-0.00899618744904165+1.01744254211938e-06i,-0.00367028008316835-6.97574701647334e-05i
-3.7728097158058e-19+4.12337356133827e-23i,-0.00615597648821351+7.00761779690031e-07i,-0.00559848708991853-6.95486572601038e-05i
-1.91752496915863e-19+2.07228214146227e-23i,-0.00312644245536986+3.65758582046924e-07i,-0.00673060028352586-6.94267087074709e-05i
-1.00393148091288e-21-2.94113294386754e-25i,-1.1893037266295e-05+2.25574732266546e-08i,-0.00710624366444739-6.9386796327017e-05i
1.89880984846424e-19-2.13213774150274e-23i,0.0031046416854474-3.20745195815722e-07i,-0.0067386888320908-6.94273731075791e-05i
3.75808198667931e-19-4.18619229039755e-23i,0.00613993460768482-6.5602502358131e-07i,-0.00561316446622658-6.95501479640594e-05i
5.5035483450432e-19-6.1290647181727e-23i,0.00898903196648686-9.73060705139166e-07i,-0.00368854035294875-6.97601140801313e-05i
7.04110610979193e-19-7.86707140833812e-23i,0.0114981753827765-1.25653567390122e-06i,-0.000905041934594036-7.00652780506126e-05i
8.22401693502717e-19-9.24597993042864e-23i,0.013427658970836-1.48124578041581e-06i,0.00279228996230164-7.04747736315728e-05i
8.82541302303127e-19-1.00100829915637e-22i,0.014407008411278-1.60542976998579e-06i,0.00739275804143503-7.09923023112143e-05i
8.5242076167123e-19-9.77108137474596e-23i,0.0139121383240739-1.56571810783445e-06i,0.0126868929821443-7.1599642745365e-05i
6.96450704092112e-19-8.06717743594784e-23i,0.0113625934044525-1.28682629056896e-06i,0.0180474787201122-7.22271207264845e-05i
3.98802132863083e-19-4.65515622841155e-23i,0.00650103954330676-7.29257485396142e-07i,0.0222692146884798-7.27290366545368e-05i
0-0i,-9.94964357333116e-06+3.08666802840894e-08i,0.0239007684926914-7.29231176116974e-05i
0-0i,-9.95005434136389e-06+3.0866656530999e-08i,0.0239007383679431-7.29231177772841e-05i
0.00201054365266029-2.34324124590175e-07i,-0.006194104386123+7.51517228025291e-07i,0.0222497371980086-7.27217779752242e-05i
0.00350874014969947-4.05215373382458e-07i,-0.0108010823526048+1.27675313544573e-06i,0.0180228407351628-7.22161081696208e-05i
0.00429374515884101-4.90074176850461e-07i,-0.0132138364435884+1.53723626409649e-06i,0.0126712904665174-7.15886954316037e-05i
0.00444670638793648-5.01557354159318e-07i,-0.0136823816653+1.57201873011346e-06i,0.00739128814240041-7.0983452967657e-05i
0.00414637404851174-4.62890008906985e-07i,-0.0127567030158514+1.45259498897908e-06i,0.00280261162188927-7.0468435118829e-05i
0.00355345372924004-3.93455054597927e-07i,-0.0109311709650351+1.23860224500917e-06i,-0.000888254600128055-7.00610917939405e-05i
0.00278141471941491-3.05984303071016e-07i,-0.0085548224758898+9.69202440340701e-07i,-0.00367073549413022-6.97575361298349e-05i
0.0019036841698718-2.08157393065698e-07i,-0.00585352109156766+6.68012814428737e-07i,-0.00559873005953839-6.95487053200332e-05i
0.000967405034331124-1.04648552040346e-07i,-0.00297228932494755+3.4940743757826e-07i,-0.00673060514894417-6.94267423911942e-05i
4.81826974900162e-06+1.41157526692548e-09i,-1.03271085084915e-05+2.30162287040026e-08i,-0.0071060245797345-6.93868156362605e-05i
-0.000958422872322631+1.07521272640418e-07i,0.0029534076681244-3.03460418562641e-07i,-0.00673829753660417-6.94273742719966e-05i
-0.00189661564611349+2.11172311519904e-07i,0.00583977619831295-6.22296178329013e-07i,-0.00561268863540206-6.95501230447934e-05i
-0.00277735479562965+3.09210788994888e-07i,0.00854898593697992-9.23771916896673e-07i,-0.00368810167286027-6.97600505719625e-05i
-0.00355316461956875+3.96910661772217e-07i,0.0109348450838186-1.19332562693144e-06i,-0.000904790559425972-7.00651591961273e-05i
-0.00415001597319846+4.66492039674773e-07i,0.0127694499006836-1.40699712766033e-06i,0.0027921943613441-7.04745813756946e-05i
-0.00445345421254684+5.05056392384991e-07i,0.0137005686659755-1.52508718655894e-06i,0.00739219981120429-7.09920268814712e-05i
-0.00430148072709595+4.93014764234194e-07i,0.0132298968063863-1.48735015396631e-06i,0.0126859123096261-7.15993034322524e-05i
-0.00351449751864583+4.0706305571256e-07i,0.0108054285513616-1.22219316965873e-06i,0.018046399137304-7.22267911852156e-05i
-0.00201254089243265+2.34911602331954e-07i,0.00618221137883369-6.92012611374565e-07i,0.0222685569691716-7.27288343879825e-05i
0-0i,-9.94964357333116e-06+3.08666802840894e-08i,0.0239007684926914-7.29231176116974e-05i
0-0i,-9.95005434136389e-06+3.0866656530999e-08i,0.0239007383679431-7.29231177772841e-05i
0.00382449095677223-4.45785427321719e-07i,-0.00527065497572552+6.43959549857126e-07i,0.0222506854737386-7.27222509349439e-05i
0.00667442138925454-7.70978252832073e-07i,-0.00918949843770572+1.09086243161599e-06i,0.0180233618370288-7.22167637454097e-05i
0.00816742859626859-9.32495692152504e-07i,-0.0112412676869329+1.31249107988154e-06i,0.0126708040766996-7.15893152441694e-05i
0.00845794426883378-9.5439009653589e-07i,-0.0116388535596875+1.34205825024162e-06i,0.0073899600470413-7.09839509779838e-05i
0.00788615821028812-8.8085388420769e-07i,-0.0108504017029279+1.24041301975239e-06i,0.00280088372234908-7.04688056340534e-05i
0.00675789128013401-7.48776111613692e-07i,-0.00929664546633562+1.05831598391604e-06i,-0.000889944932661869-7.0061358796752e-05i
0.0052890567251404-5.82389057132223e-07i,-0.00727459383797674+8.2909900053245e-07i,-0.00367205439690866-6.97577271861752e-05i
0.00361936342218941-3.96309242066659e-07i,-0.00497642179743765+5.72861877370816e-07i,-0.00559946795935528-6.95488414934443e-05i
0.00183850043709183-1.99432530334277e-07i,-0.00252550657689144+3.01836622969445e-07i,-0.0067306740295111-6.94268351868732e-05i
7.79526504888638e-06+2.28372233168037e-09i,-6.22832636637888e-06+2.42170821815513e-08i,-0.00710545109218368-6.93868661818093e-05i
-0.00182396849793071+2.04080149940116e-07i,0.00251426572043321-2.53445711668505e-07i,-0.00673721710905756-6.94273726981158e-05i
-0.00360792719912755+4.01186851374562e-07i,0.00496868955798882-5.24580337221099e-07i,-0.0056113411564132-6.95500474478862e-05i
-0.00528248758648335+5.87608847980271e-07i,0.00727221031554554-7.80923536200019e-07i,-0.00368682650018555-6.97598659517713e-05i
-0.00675742236617218+7.54366464239887e-07i,0.009300564758672-1.01009947888092e-06i,-0.000904011631458003-7.00648183624029e-05i
-0.00789204893406009+8.86681033588613e-07i,0.0108600501591755-1.19175076594845e-06i,0.00279202050935059-7.04740332319082e-05i
-0.00846886022180089+9.60050631720175e-07i,0.0116513013622076-1.2921501532305e-06i,0.00739073236462578-7.0991243293835e-05i
-0.00817994366201029+9.37252914390045e-07i,0.0112507507061278-1.26010385371773e-06i,0.0126832388844524-7.15983377389233e-05i
-0.00668373720940602+7.73967549485681e-07i,0.00918895130163101-1.03473127577817e-06i,0.018043401225572-7.22258504587691e-05i
-0.00382772331678458+4.46735938723525e-07i,0.00525706552355312-5.83955477934411e-07i,0.0222666977763185-7.27282532890506e-05i
0-0i,-9.94964357333116e-06+3.08666802840894e-08i,0.0239007684926914-7.29231176116974e-05i
0-0i,-9.95005434136389e-06+3.0866656530999e-08i,0.0239007383679431-7.29231177772841e-05i
0.00526444219929594-6.13734588869229e-07i,-0.00383217075541872+4.76365799031053e-07i,0.0222523085445371-7.27230048919109e-05i
0.00918759630193553-1.06163860720937e-06i,-0.0066791453822333+8.01142023608822e-07i,0.0180245702875265-7.22178303195148e-05i
0.0112423943125812-1.28419785699568e-06i,-0.00816896427339536+9.62166597966848e-07i,0.0126705528092545-7.15903357083634e-05i
0.0116414546225867-1.31445656743433e-06i,-0.0084565402025887+9.83569276594174e-07i,0.00738833991784867-7.09847720855056e-05i
0.0108533792200005-1.21327199478163e-06i,-0.00788235012697563+9.09602129157443e-07i,0.0027984981610789-7.04694109604648e-05i
0.0092994147362659-1.03146547281917e-06i,-0.00675231317651491+7.77183101745886e-07i,-0.000892430499640433-7.006178635444e-05i
0.00727694118592208-8.02425719722796e-07i,-0.00528234262775224+6.10551899973191e-07i,-0.00367410068138242-6.97580236451001e-05i
0.00497836071740833-5.46292208662529e-07i,-0.00361211556725755+4.24322835443748e-07i,-0.00560071447387284-6.9549043815545e-05i
0.00252717091756237-2.75320722194791e-07i,-0.00183128813523185+2.2738757365805e-07i,-0.00673094354898488-6.94269650387404e-05i
7.79476412062376e-06+2.28340579940616e-09i,-1.16360862145266e-06+2.57010505678459e-08i,-0.00710474239388628-6.93869286461087e-05i
-0.00251263983453903+2.79967669292703e-07i,0.00182948891355513-1.75976626116359e-07i,-0.00673569753574645-6.9427355578915e-05i
-0.00496692493439972+5.51169029676955e-07i,0.00361181360751924-3.72871810668819e-07i,-0.00560934128326441-6.95499199893501e-05i
-0.00727037186882206+8.0764454200052e-07i,0.00528422724197747-5.58984615593847e-07i,-0.0036848341250842-6.97595774559648e-05i
-0.00929894496696342+1.03705464708294e-06i,0.00675653754175267-7.25334043534866e-07i,-0.000902652122485344-7.00642995864553e-05i
-0.0108592686492436+1.21909780737146e-06i,0.00788817255467182-8.57153595484463e-07i,0.00279205627660647-7.04732084330101e-05i
-0.0116523695784728+1.32011579650455e-06i,0.00846189854408478-9.2998342344376e-07i,0.00738889821495342-7.09900693250668e-05i
-0.0112549097893493+1.28895411386709e-06i,0.00817032071057121-9.06688879161104e-07i,0.0126795855327257-7.15968898752896e-05i
-0.00919691426023154+1.06462747542603e-06i,0.00667255083005102-7.43069201769244e-07i,0.0180391318396428-7.22244314882749e-05i
-0.00526767664312233+6.14685018175844e-07i,0.00381648411350586-4.15744418551122e-07i,0.022263948826672-7.27273656730672e-05i
0-0i,-9.94964357333116e-06+3.08666802840894e-08i,0.0239007684926914-7.29231176116974e-05i
0-0i,-9.95005434136389e-06+3.0866656530999e-08i,0.0239007383679431-7.29231177772841e-05i
0.00618950325314748-7.21738704526047e-07i,-0.0020192214100027+2.65060677569821e-07i,0.0222546072391316-7.27239849783777e-05i
0.0108025874949693-1.24878386639596e-06i,-0.00351522590591521+4.35715432389231e-07i,0.0180267816087482-7.22192533094706e-05i
0.0132183230478301-1.51083149436119e-06i,-0.00429719220521797+5.20194376830593e-07i,0.0126711145605723-7.15917172850073e-05i
0.0136865259344269-1.54661032564992e-06i,-0.00444685638027561+5.31220829708239e-07i,0.00738707607416106-7.0985885707829e-05i
0.0127585605018198-1.4277052334515e-06i,-0.00414351543047351+4.92107552134714e-07i,0.00279602197233784-7.04702227961577e-05i
0.0109301448152437-1.21393904625251e-06i,-0.00354817727227896+4.22294993850823e-07i,-0.000895307769099278-7.00623454496383e-05i
0.00855121978226712-9.44623500301611e-07i,-0.0027744291143215+3.34540722675727e-07i,-0.00367666585793137-6.97583953019226e-05i
0.00584816862244018-6.43470614360021e-07i,-0.00189572430633124+2.3653166880667e-07i,-0.00560245408483836-6.95492818296422e-05i
0.00296627368737674-3.24907377358719e-07i,-0.000959196658879309+1.32942027805048e-07i,-0.00673156458645615-6.94271032194051e-05i
4.81887185034286e-06+1.41105777424727e-09i,2.9328078660925e-06+2.6901307298544e-08i,-0.00710416919752737-6.93869791698395e-05i
-0.00295729038461758+3.27778996606743e-07i,0.000965034082766299-7.90884539568112e-08i,-0.00673406543993407-6.94273085815871e-05i
-0.00584109915260169+6.46484236437676e-07i,0.00190143250522932-1.82517218534349e-07i,-0.00560699230541113-6.95497425304133e-05i
-0.00854715925614187+9.47848385328061e-07i,0.00277976677116301-2.80230306056639e-07i,-0.0036823124446561-6.97592122474912e-05i
-0.0109298556661283+1.21739269549131e-06i,0.00355264978316595-3.67508238780977e-07i,-0.000900685431929598-7.00636667278488e-05i
-0.0127622034003874+1.43130502915525e-06i,0.00414624496090803-4.36597096546509e-07i,0.00279263219983091-7.04722191118592e-05i
-0.0136932766560359+1.55010715846996e-06i,0.00444648193020359-4.74660815123406e-07i,0.00738736849647162-7.09886703384625e-05i
-0.0132260645075251+1.51377041630731e-06i,0.00429197574208768-4.622172742764e-07i,0.0126758658258582-7.15951626324671e-05i
-0.0108083530831408+1.25063076037369e-06i,0.00350373871074942-3.76072139909804e-07i,0.0180344446590127-7.22227234595242e-05i
-0.00619150675433632+7.22325990661421e-07i,0.00200183724974862-2.03939939124422e-07i,0.0222607393542875-7.27262774609014e-05i
0-0i,-9.94964357333116e-06+3.08666802840894e-08i,0.0239007684926914-7.29231176116974e-05i
0-0i,-9.95005434136389e-06+3.0866656530999e-08i,0.0239007383679431-7.29231177772841e-05i
0.0065090292363483-7.59183985732655e-07i,-9.01749205675035e-06+3.06557014184852e-08i,0.0222574859436081-7.27251106223809e-05i
0.0113612648463376-1.31398785909053e-06i,-6.67972805291329e-06+3.01214946989568e-08i,0.0180301310226244-7.22209339334792e-05i
0.0139020700480017-1.59006333143215e-06i,-3.86518484120665e-06+2.94657447489438e-08i,0.0126728827696587-7.15933738595066e-05i
0.0143936573064099-1.62795896107672e-06i,-1.283366218975e-06+2.88478411290526e-08i,0.00738668878191637-7.09872233881945e-05i
0.01341625431248-1.50298807108551e-06i,7.73240596941422e-07+2.83398255421832e-08i,0.00279396717710777-7.04711868964732e-05i
0.011491740739954-1.2781546564781e-06i,2.28325279133696e-06+2.79542751405207e-08i,-0.000898166002853236-7.00629918415864e-05i
0.00898854553009232-9.94875349833418e-07i,3.32830558343493e-06+2.76789771508582e-08i,-0.0036794928250715-6.97588048691955e-05i
0.00614498976702125-6.78131648465938e-07i,4.00226628017893e-06+2.74966983359929e-08i,-0.00560460313830717-6.95495236452699e-05i
0.00311398781382369-3.43118627920957e-07i,4.37773048573075e-06+2.73932062831533e-08i,-0.00673261993529427-6.94272232614556e-05i
4.97290254333562e-09-1.87684905149708e-14i,4.49814738931802e-06+2.73596906676525e-08i,-0.00710395033208473-6.93869984653661e-05i
-0.00311397892145473+3.43118581420111e-07i,4.37779946260503e-06+2.73932097617953e-08i,-0.00673262403104542-6.94272233634686e-05i
-0.0061449839301046+6.78131574930126e-07i,4.0024023538825e-06+2.74967052173056e-08i,-0.00560461056057347-6.95495238418934e-05i
-0.00898854442636637+9.94875231140955e-07i,3.32850498170025e-06+2.76789872871145e-08i,-0.00367950206086072-6.97588051444289e-05i
-0.0114917454735259+1.27815447586987e-06i,2.28350983756998e-06+2.79542883203634e-08i,-0.000898174860956035-7.00629921685757e-05i
-0.0134162651148903+1.50298781730329e-06i,7.73547735078532e-07+2.83398415013267e-08i,0.00279396142219906-7.04711872348993e-05i
-0.0143936731843696+1.62795863696415e-06i,-1.28301827082364e-06+2.88478595592545e-08i,0.00738668908616549-7.09872236836421e-05i
-0.0139020884464433+1.59006296728357e-06i,-3.86480662018715e-06+2.94657652951913e-08i,0.0126728917123757-7.15933740503355e-05i
-0.0113612816013456+1.31398752422023e-06i,-6.67933031583182e-06+3.01215169301234e-08i,0.0180301497474351-7.22209339732885e-05i
-0.00650903940870884+7.5918377883959e-07i,-9.01708423995222e-06+3.0655724771719e-08i,0.022257512825578-7.27251105179165e-05i
0-0i,-9.94964357333116e-06+3.08666802840894e-08i,0.0239007684926914-7.29231176116974e-05i
